  Date,StartTime,EndTime,Instrument,Signal,Strategy,EntryPrice,ExitPrice,PnL,Reason
1/12/2025,1:55:34 pm,2:01:20 pm,NSE:NIFTY25D0226350CE,NEUTRAL,Iron Condor,17.45,19.20,1.75,TARGET (10%)
1/12/2025,2:42:56 pm,2:51:53 pm,NSE:NIFTY25D0226200CE,BULL,Bull Call Spread,26185.6,26200,61.45,48.80,-12.65,STOP LOSS (20%)
1/12/2025,2:53:14 pm,3:02:49 pm,NSE:NIFTY25D0226300CE,NEUTRAL,Iron Condor,26149.7,26300,20.15,22.75,2.60,TARGET (10%)
2/12/2025,9:31:16 am,9:32:57 am,NSE:NIFTY25D0226300CE,NEUTRAL,Iron Condor,26114.55,26300,6.70,7.70,1.00,TARGET (10%)
2/12/2025,12:28:07 pm,12:35:25 pm,BSE:SENSEX25D0485800CE,NEUTRAL,Iron Condor,85267.29,85800,140.65,155.35,14.70,TARGET (10%)
2/12/2025,12:38:38 pm,12:44:52 pm,BSE:SENSEX25D0485300PE,BEAR,Bear Put Spread,85315,85300,251.90,277.45,25.55,TARGET (10%)
10/12/2025,undefined,1:36:21 pm,NSE:NIFTY25D1626000CE,undefined,Bear Call Spread,undefined,26000,66.05,72.80,6.75,TARGET (10%)
10/12/2025,N/A,1:56:33 pm,NSE:NIFTY25D1625750PE,N/A,Iron Butterfly,0,25750,85.85,94.45,8.60,TARGET (10%)
<<<<<<< HEAD
2/1/2026,3:00:40 pm,3:00:40 pm,NSE:NIFTY2610626150PE,N/A,Bull Put Spread,0,26150,22.00,17.45,-4.55,STOP LOSS (20%)
=======
9/1/2026,3:07:57 pm,3:07:57 pm,NSE:NIFTY2611325650CE,N/A,Bull Call Spread,0,25650,118.50,131.70,13.20,TARGET (10%)
9/1/2026,3:28:38 pm,3:28:38 pm,NSE:NIFTY2611325700CE,N/A,Bull Call Spread,0,25700,100.75,111.35,10.60,TARGET (10%)
>>>>>>> c6ca139213d053f61141e042731d164e465cdc13
12/1/2026,1:02:46 pm,1:02:46 pm,NSE:NIFTY2611325700PE,N/A,Bull Put Spread,0,25700,80.05,88.25,8.20,TARGET (10%)
22/1/2026,1:29:31 pm,1:29:31 pm,BSE:SENSEX2612281100PE,N/A,Iron Condor,0,81100,12.00,13.45,1.45,TARGET (10%)
22/1/2026,1:29:45 pm,1:29:45 pm,BSE:SENSEX2612282300CE,N/A,Iron Condor,0,82300,41.50,37.25,4.25,TARGET (10%)
22/1/2026,1:30:18 pm,1:30:18 pm,BSE:SENSEX2612281500PE,N/A,Iron Condor,0,81500,35.85,43.50,-7.65,STOP LOSS (20%)
22/1/2026,1:32:40 pm,1:32:40 pm,BSE:SENSEX2612282700CE,N/A,Iron Condor,0,82700,11.60,12.80,1.20,TARGET (10%)
22/1/2026,1:33:12 pm,1:33:12 pm,NSE:MIDCPNIFTY26JAN13450CE,N/A,Iron Condor,0,13450,32.35,35.85,3.50,TARGET (10%)
22/1/2026,1:33:12 pm,1:33:12 pm,NSE:MIDCPNIFTY26JAN13150PE,N/A,Iron Condor,0,13150,66.15,59.45,6.70,TARGET (10%)
22/1/2026,1:35:59 pm,1:35:59 pm,NSE:MIDCPNIFTY26JAN13350CE,N/A,Iron Condor,0,13350,57.85,69.55,-11.70,STOP LOSS (20%)
25/1/2026,8:33:26 pm,8:33:26 pm,NSE:NIFTY24JAN21600CE,N/A,Bull Call Spread,0,21600,0.00,0.20,-0.20,STOP LOSS (15%)
25/1/2026,8:34:00 pm,8:34:00 pm,NSE:NIFTY24JAN21600CE,N/A,Bull Call Spread,0,21600,0.00,0.20,-0.20,STOP LOSS (15%)
27/1/2026,2:09:11 pm,2:09:11 pm,NSE:NIFTY26JAN24600PE,N/A,Iron Condor,0,24600,0.80,0.65,-9.75,STOP LOSS (15%)
27/1/2026,2:10:22 pm,2:10:22 pm,NSE:NIFTY26JAN25200CE,N/A,Iron Condor,0,25200,3.90,4.65,-48.75,STOP LOSS (15%)
27/1/2026,2:10:54 pm,2:10:54 pm,NSE:NIFTY26JAN25400CE,N/A,Iron Condor,0,25400,1.05,1.35,19.50,TARGET (25%)
27/1/2026,2:11:04 pm,2:11:04 pm,NSE:NIFTY26JAN24800PE,N/A,Iron Condor,0,24800,2.15,1.55,39.00,TARGET (25%)
27/1/2026,2:18:31 pm,2:18:31 pm,NSE:NIFTY26JAN24850PE,N/A,Iron Condor,0,24850,2.95,2.10,55.25,TARGET (25%)
27/1/2026,2:19:33 pm,2:19:33 pm,NSE:NIFTY26JAN25450CE,N/A,Iron Condor,0,25450,0.95,0.80,-9.75,STOP LOSS (15%)
27/1/2026,2:29:09 pm,2:29:09 pm,NSE:NIFTY26JAN24650PE,N/A,Iron Condor,0,24650,0.75,0.60,-9.75,STOP LOSS (15%)
27/1/2026,2:29:11 pm,2:29:11 pm,BSE:SENSEX26JAN80600PE,N/A,Iron Condor,0,80600,128.15,107.45,-207.00,STOP LOSS (15%)
27/1/2026,2:31:07 pm,2:31:07 pm,NSE:NIFTY26JAN25250CE,N/A,Iron Condor,0,25250,2.20,2.60,-26.00,STOP LOSS (15%)
27/1/2026,2:38:23 pm,2:38:23 pm,BSE:SENSEX26JAN81000PE,N/A,Iron Condor,0,81000,224.10,167.95,561.50,TARGET (25%)
27/1/2026,2:38:47 pm,2:38:47 pm,BSE:SENSEX26JAN81800CE,N/A,Iron Condor,0,81800,306.80,360.55,-537.50,STOP LOSS (15%)
27/1/2026,2:39:57 pm,2:39:57 pm,BSE:SENSEX26JAN82200CE,N/A,Iron Condor,0,82200,178.40,230.15,517.50,TARGET (25%)
27/1/2026,2:40:41 pm,2:40:41 pm,NSE:NIFTY26JAN25450CE,N/A,Iron Condor,0,25450,0.95,0.80,-9.75,STOP LOSS (15%)
27/1/2026,2:40:42 pm,2:40:42 pm,NSE:NIFTY26JAN25250CE,N/A,Iron Condor,0,25250,2.20,4.15,-126.75,STOP LOSS (15%)
27/1/2026,2:40:42 pm,2:40:42 pm,NSE:NIFTY26JAN24650PE,N/A,Iron Condor,0,24650,0.75,0.50,-16.25,STOP LOSS (15%)
27/1/2026,2:40:42 pm,2:40:42 pm,NSE:NIFTY26JAN24850PE,N/A,Iron Condor,0,24850,2.95,1.00,126.75,TARGET (25%)
27/1/2026,2:41:14 pm,2:41:14 pm,NSE:NIFTY26JAN25450CE,N/A,Iron Condor,0,25450,0.95,0.70,-16.25,STOP LOSS (15%)
27/1/2026,2:41:14 pm,2:41:14 pm,NSE:NIFTY26JAN25250CE,N/A,Iron Condor,0,25250,2.20,3.65,-94.25,STOP LOSS (15%)
27/1/2026,2:41:14 pm,2:41:14 pm,NSE:NIFTY26JAN24650PE,N/A,Iron Condor,0,24650,0.75,0.50,-16.25,STOP LOSS (15%)
27/1/2026,2:41:14 pm,2:41:14 pm,NSE:NIFTY26JAN24850PE,N/A,Iron Condor,0,24850,2.95,1.00,126.75,TARGET (25%)
28/1/2026,9:30:08 am,9:30:08 am,Short Straddle,NSE:NIFTY2620325250CE,25250,CE,SELL,282.70,330.00,-3074.50,STOP LOSS (15%)
28/1/2026,9:30:18 am,9:30:18 am,Short Strangle,NSE:NIFTY2620325450CE,25450,CE,SELL,177.50,215.35,-2460.25,STOP LOSS (15%)
28/1/2026,9:30:13 am,9:30:18 am,Long Straddle,NSE:NIFTY2620325250PE,25250,PE,BUY,206.55,174.90,-2057.25,STOP LOSS (15%)
28/1/2026,9:30:23 am,9:30:23 am,Long Strangle,NSE:NIFTY2620325050PE,25050,PE,BUY,135.00,114.20,-1352.00,STOP LOSS (15%)
28/1/2026,9:30:28 am,9:30:28 am,Iron Butterfly,NSE:NIFTY2620325250CE,25250,CE,SELL,282.70,327.65,-2921.75,STOP LOSS (15%)
28/1/2026,9:30:28 am,9:30:28 am,Iron Butterfly,NSE:NIFTY2620325050PE,25050,PE,BUY,135.00,113.80,-1378.00,STOP LOSS (15%)
28/1/2026,9:31:17 am,9:31:18 am,Iron Condor,NSE:NIFTY2620325450CE,25450,CE,SELL,177.50,209.45,-2076.75,STOP LOSS (15%)
28/1/2026,9:37:52 am,9:40:09 am,Iron Butterfly,BSE:SENSEX26JAN81900PE,81900,PE,BUY,192.15,162.40,-297.50,STOP LOSS (15%)
28/1/2026,9:37:47 am,9:40:09 am,Iron Condor,BSE:SENSEX26JAN81500PE,81500,PE,BUY,101.25,84.65,-166.00,STOP LOSS (15%)
28/1/2026,9:37:42 am,9:40:09 am,Long Strangle,BSE:SENSEX26JAN81900PE,81900,PE,BUY,192.15,162.40,-297.50,STOP LOSS (15%)
28/1/2026,9:55:04 am,10:00:01 am,Iron Condor,BSE:SENSEX26JAN81400PE,81400,PE,BUY,78.65,65.85,-128.00,STOP LOSS (15%)
28/1/2026,9:55:08 am,10:00:06 am,Iron Butterfly,BSE:SENSEX26JAN81800PE,81800,PE,BUY,157.65,133.50,-241.50,STOP LOSS (15%)
28/1/2026,9:54:58 am,10:00:06 am,Long Strangle,BSE:SENSEX26JAN81800PE,81800,PE,BUY,157.65,133.50,-241.50,STOP LOSS (15%)
28/1/2026,9:54:50 am,10:00:26 am,Long Straddle,BSE:SENSEX26JAN82200PE,82200,PE,BUY,297.20,252.30,-449.00,STOP LOSS (15%)
28/1/2026,9:55:04 am,10:08:07 am,Iron Condor,BSE:SENSEX26JAN83000CE,83000,CE,BUY,91.45,76.25,-152.00,STOP LOSS (15%)
28/1/2026,9:55:12 am,10:08:12 am,Call Butterfly,BSE:SENSEX26JAN82600CE,82600,CE,BUY,203.00,171.90,-311.00,STOP LOSS (15%)
28/1/2026,9:55:08 am,10:08:12 am,Iron Butterfly,BSE:SENSEX26JAN82600CE,82600,CE,BUY,203.00,171.90,-311.00,STOP LOSS (15%)
28/1/2026,9:54:58 am,10:08:12 am,Long Strangle,BSE:SENSEX26JAN82600CE,82600,CE,BUY,203.00,171.90,-311.00,STOP LOSS (15%)
28/1/2026,9:55:08 am,10:08:22 am,Iron Butterfly,BSE:SENSEX26JAN82200PE,82200,PE,SELL,297.20,342.95,-457.50,STOP LOSS (15%)
28/1/2026,9:55:04 am,10:08:22 am,Iron Condor,BSE:SENSEX26JAN81800PE,81800,PE,SELL,157.65,184.50,-268.50,STOP LOSS (15%)
28/1/2026,9:54:54 am,10:08:22 am,Short Strangle,BSE:SENSEX26JAN81800PE,81800,PE,SELL,157.65,184.50,-268.50,STOP LOSS (15%)
28/1/2026,9:54:50 am,10:08:22 am,Long Straddle,BSE:SENSEX26JAN82200CE,82200,CE,BUY,387.15,325.85,-613.00,STOP LOSS (15%)
28/1/2026,9:54:45 am,10:08:22 am,Short Straddle,BSE:SENSEX26JAN82200PE,82200,PE,SELL,297.20,342.95,-457.50,STOP LOSS (15%)
28/1/2026,9:55:12 am,10:08:27 am,Call Butterfly,BSE:SENSEX26JAN81800CE,81800,CE,BUY,648.05,546.40,-1016.50,STOP LOSS (15%)
28/1/2026,9:49:49 am,10:12:07 am,Iron Condor,NSE:NIFTY2620325100PE,25100,PE,SELL,144.00,165.80,-1417.00,STOP LOSS (15%)
28/1/2026,9:49:40 am,10:12:07 am,Short Strangle,NSE:NIFTY2620325100PE,25100,PE,SELL,144.00,165.80,-1417.00,STOP LOSS (15%)
28/1/2026,9:55:04 am,10:13:02 am,Iron Condor,BSE:SENSEX26JAN82600CE,82600,CE,SELL,203.00,151.65,513.50,TARGET (25%)
28/1/2026,9:54:54 am,10:13:02 am,Short Strangle,BSE:SENSEX26JAN82600CE,82600,CE,SELL,203.00,151.65,513.50,TARGET (25%)
28/1/2026,9:49:49 am,10:29:51 am,Iron Condor,NSE:NIFTY2620325700CE,25700,CE,BUY,90.40,76.45,-906.75,STOP LOSS (15%)
28/1/2026,9:55:12 am,10:30:01 am,Call Butterfly,BSE:SENSEX26JAN82200CE,82200,CE,SELL,387.15,289.95,1944.00,TARGET (25%)
28/1/2026,9:55:08 am,10:30:01 am,Iron Butterfly,BSE:SENSEX26JAN82200CE,82200,CE,SELL,387.15,289.95,972.00,TARGET (25%)
28/1/2026,9:54:45 am,10:30:01 am,Short Straddle,BSE:SENSEX26JAN82200CE,82200,CE,SELL,387.15,289.95,972.00,TARGET (25%)
28/1/2026,9:49:56 am,10:30:01 am,Call Butterfly,NSE:NIFTY2620325500CE,25500,CE,BUY,154.20,129.30,-1618.50,STOP LOSS (15%)
28/1/2026,9:49:52 am,10:30:01 am,Iron Butterfly,NSE:NIFTY2620325500CE,25500,CE,BUY,154.20,129.30,-1618.50,STOP LOSS (15%)
28/1/2026,9:49:44 am,10:30:01 am,Long Strangle,NSE:NIFTY2620325500CE,25500,CE,BUY,154.20,129.30,-1618.50,STOP LOSS (15%)
28/1/2026,9:49:52 am,10:32:21 am,Iron Butterfly,NSE:NIFTY2620325300PE,25300,PE,SELL,219.70,253.05,-2167.75,STOP LOSS (15%)
28/1/2026,9:49:19 am,10:32:21 am,Short Straddle,NSE:NIFTY2620325300PE,25300,PE,SELL,219.70,253.05,-2167.75,STOP LOSS (15%)
28/1/2026,9:49:49 am,11:16:30 am,Iron Condor,NSE:NIFTY2620324900PE,24900,PE,BUY,93.60,79.00,-949.00,STOP LOSS (15%)
28/1/2026,9:49:52 am,11:19:35 am,Iron Butterfly,NSE:NIFTY2620325100PE,25100,PE,BUY,144.00,121.85,-1439.75,STOP LOSS (15%)
28/1/2026,9:49:44 am,11:19:35 am,Long Strangle,NSE:NIFTY2620325100PE,25100,PE,BUY,144.00,121.85,-1439.75,STOP LOSS (15%)
28/1/2026,9:49:34 am,11:28:01 am,Long Straddle,NSE:NIFTY2620325300PE,25300,PE,BUY,219.70,185.60,-2216.50,STOP LOSS (15%)
28/1/2026,9:52:08 am,11:28:11 am,Iron Condor,NSE:BANKNIFTY26FEB58500PE,58500,PE,BUY,500.00,423.90,-2283.00,STOP LOSS (15%)
28/1/2026,9:52:24 am,11:28:26 am,Iron Butterfly,NSE:BANKNIFTY26FEB59000PE,59000,PE,BUY,655.00,555.00,-3000.00,STOP LOSS (15%)
28/1/2026,9:52:04 am,11:28:26 am,Long Strangle,NSE:BANKNIFTY26FEB59000PE,59000,PE,BUY,655.00,555.00,-3000.00,STOP LOSS (15%)
28/1/2026,11:33:10 am,11:36:10 am,Iron Condor,BSE:SENSEX26JAN83200CE,83200,CE,BUY,68.25,57.25,-110.00,STOP LOSS (15%)
28/1/2026,11:33:18 am,11:37:25 am,Call Butterfly,BSE:SENSEX26JAN82800CE,82800,CE,BUY,166.35,140.45,-259.00,STOP LOSS (15%)
28/1/2026,11:33:14 am,11:37:25 am,Iron Butterfly,BSE:SENSEX26JAN82800CE,82800,CE,BUY,166.35,140.45,-259.00,STOP LOSS (15%)
28/1/2026,11:33:06 am,11:37:25 am,Long Strangle,BSE:SENSEX26JAN82800CE,82800,CE,BUY,166.35,140.45,-259.00,STOP LOSS (15%)
28/1/2026,11:32:59 am,11:37:35 am,Long Straddle,BSE:SENSEX26JAN82400CE,82400,CE,BUY,342.35,289.00,-533.50,STOP LOSS (15%)
28/1/2026,11:33:10 am,11:38:05 am,Iron Condor,BSE:SENSEX26JAN82000PE,82000,PE,SELL,141.35,163.35,-220.00,STOP LOSS (15%)
28/1/2026,11:33:02 am,11:38:05 am,Short Strangle,BSE:SENSEX26JAN82000PE,82000,PE,SELL,141.35,163.35,-220.00,STOP LOSS (15%)
28/1/2026,11:33:14 am,11:38:10 am,Iron Butterfly,BSE:SENSEX26JAN82400PE,82400,PE,SELL,275.50,319.40,-439.00,STOP LOSS (15%)
28/1/2026,11:32:55 am,11:38:10 am,Short Straddle,BSE:SENSEX26JAN82400PE,82400,PE,SELL,275.50,319.40,-439.00,STOP LOSS (15%)
28/1/2026,11:33:10 am,11:38:40 am,Iron Condor,BSE:SENSEX26JAN82800CE,82800,CE,SELL,166.35,124.35,420.00,TARGET (25%)
28/1/2026,11:33:02 am,11:38:40 am,Short Strangle,BSE:SENSEX26JAN82800CE,82800,CE,SELL,166.35,124.35,420.00,TARGET (25%)
28/1/2026,11:33:18 am,11:38:50 am,Call Butterfly,BSE:SENSEX26JAN82000CE,82000,CE,BUY,608.80,516.15,-926.50,STOP LOSS (15%)
28/1/2026,11:33:18 am,11:42:53 am,Call Butterfly,BSE:SENSEX26JAN82400CE,82400,CE,SELL,342.35,254.95,1748.00,TARGET (25%)
28/1/2026,11:33:14 am,11:42:53 am,Iron Butterfly,BSE:SENSEX26JAN82400CE,82400,CE,SELL,342.35,254.95,874.00,TARGET (25%)
28/1/2026,11:33:14 am,11:42:53 am,Iron Butterfly,BSE:SENSEX26JAN82000PE,82000,PE,BUY,141.35,178.95,376.00,TARGET (25%)
28/1/2026,11:33:10 am,11:42:53 am,Iron Condor,BSE:SENSEX26JAN81600PE,81600,PE,BUY,70.00,88.60,186.00,TARGET (25%)
28/1/2026,11:33:06 am,11:42:53 am,Long Strangle,BSE:SENSEX26JAN82000PE,82000,PE,BUY,141.35,178.95,376.00,TARGET (25%)
28/1/2026,11:32:55 am,11:42:53 am,Short Straddle,BSE:SENSEX26JAN82400CE,82400,CE,SELL,342.35,254.95,874.00,TARGET (25%)
28/1/2026,11:32:59 am,11:43:28 am,Long Straddle,BSE:SENSEX26JAN82400PE,82400,PE,BUY,275.50,344.55,690.50,TARGET (25%)
28/1/2026,11:32:34 am,1:23:00 pm,Iron Condor,NSE:BANKNIFTY26FEB60600CE,60600,CE,BUY,597.90,504.00,-2817.00,STOP LOSS (15%)
28/1/2026,11:32:01 am,1:23:00 pm,Call Butterfly,NSE:NIFTY2620325550CE,25550,CE,BUY,143.50,98.20,-2944.50,STOP LOSS (15%)
28/1/2026,11:32:01 am,1:23:00 pm,Call Butterfly,NSE:NIFTY2620325350CE,25350,CE,SELL,237.85,171.70,8599.50,TARGET (25%)
28/1/2026,11:32:01 am,1:23:00 pm,Call Butterfly,NSE:NIFTY2620325150CE,25150,CE,BUY,363.25,279.15,-5466.50,STOP LOSS (15%)
28/1/2026,11:31:58 am,1:23:00 pm,Iron Butterfly,NSE:NIFTY2620325550CE,25550,CE,BUY,143.50,98.20,-2944.50,STOP LOSS (15%)
28/1/2026,11:31:58 am,1:23:00 pm,Iron Butterfly,NSE:NIFTY2620325350CE,25350,CE,SELL,237.85,171.70,4299.75,TARGET (25%)
28/1/2026,11:31:58 am,1:23:00 pm,Iron Butterfly,NSE:NIFTY2620325350PE,25350,PE,SELL,208.15,255.20,-3058.25,STOP LOSS (15%)
28/1/2026,11:31:53 am,1:23:00 pm,Iron Condor,NSE:NIFTY2620325750CE,25750,CE,BUY,80.35,53.65,-1735.50,STOP LOSS (15%)
28/1/2026,11:31:53 am,1:23:00 pm,Iron Condor,NSE:NIFTY2620325550CE,25550,CE,SELL,143.50,98.20,2944.50,TARGET (25%)
28/1/2026,11:31:53 am,1:23:00 pm,Iron Condor,NSE:NIFTY2620325150PE,25150,PE,SELL,134.00,163.00,-1885.00,STOP LOSS (15%)
28/1/2026,11:31:50 am,1:23:00 pm,Long Strangle,NSE:NIFTY2620325550CE,25550,CE,BUY,143.50,98.20,-2944.50,STOP LOSS (15%)
28/1/2026,11:31:47 am,1:23:00 pm,Short Strangle,NSE:NIFTY2620325550CE,25550,CE,SELL,143.50,98.20,2944.50,TARGET (25%)
28/1/2026,11:31:47 am,1:23:00 pm,Short Strangle,NSE:NIFTY2620325150PE,25150,PE,SELL,134.00,163.00,-1885.00,STOP LOSS (15%)
28/1/2026,11:31:43 am,1:23:00 pm,Long Straddle,NSE:NIFTY2620325350CE,25350,CE,BUY,237.85,171.70,-4299.75,STOP LOSS (15%)
28/1/2026,11:31:39 am,1:23:00 pm,Short Straddle,NSE:NIFTY2620325350PE,25350,PE,SELL,208.15,255.20,-3058.25,STOP LOSS (15%)
28/1/2026,11:31:39 am,1:23:00 pm,Short Straddle,NSE:NIFTY2620325350CE,25350,CE,SELL,237.85,171.70,4299.75,TARGET (25%)
28/1/2026,11:32:42 am,1:23:05 pm,Call Butterfly,NSE:BANKNIFTY26FEB60100CE,60100,CE,BUY,820.30,695.25,-3751.50,STOP LOSS (15%)
28/1/2026,11:32:38 am,1:23:05 pm,Iron Butterfly,NSE:BANKNIFTY26FEB60100CE,60100,CE,BUY,820.30,695.25,-3751.50,STOP LOSS (15%)
28/1/2026,11:32:30 am,1:23:05 pm,Long Strangle,NSE:BANKNIFTY26FEB60100CE,60100,CE,BUY,820.30,695.25,-3751.50,STOP LOSS (15%)
28/1/2026,11:31:43 am,1:23:15 pm,Long Straddle,NSE:NIFTY2620325350PE,25350,PE,BUY,208.15,260.50,3402.75,TARGET (25%)
28/1/2026,11:31:58 am,1:23:20 pm,Iron Butterfly,NSE:NIFTY2620325150PE,25150,PE,BUY,134.00,168.95,2271.75,TARGET (25%)
28/1/2026,11:31:50 am,1:23:20 pm,Long Strangle,NSE:NIFTY2620325150PE,25150,PE,BUY,134.00,168.95,2271.75,TARGET (25%)
28/1/2026,11:31:53 am,1:24:25 pm,Iron Condor,NSE:NIFTY2620324950PE,24950,PE,BUY,85.40,107.20,1417.00,TARGET (25%)
28/1/2026,11:32:18 am,3:08:55 pm,Short Straddle,NSE:BANKNIFTY26FEB59600CE,59600,CE,SELL,1097.05,0.00,0.00,AUTO SQUARE-OFF (2:40 PM)
28/1/2026,11:32:18 am,3:08:55 pm,Short Straddle,NSE:BANKNIFTY26FEB59600PE,59600,PE,SELL,780.70,0.00,0.00,AUTO SQUARE-OFF (2:40 PM)
28/1/2026,11:32:22 am,3:08:55 pm,Long Straddle,NSE:BANKNIFTY26FEB59600CE,59600,CE,BUY,1097.05,0.00,0.00,AUTO SQUARE-OFF (2:40 PM)
28/1/2026,11:32:22 am,3:08:55 pm,Long Straddle,NSE:BANKNIFTY26FEB59600PE,59600,PE,BUY,780.70,0.00,0.00,AUTO SQUARE-OFF (2:40 PM)
28/1/2026,11:32:26 am,3:08:55 pm,Short Strangle,NSE:BANKNIFTY26FEB59100PE,59100,PE,SELL,601.50,0.00,0.00,AUTO SQUARE-OFF (2:40 PM)
28/1/2026,11:32:26 am,3:08:55 pm,Short Strangle,NSE:BANKNIFTY26FEB60100CE,60100,CE,SELL,820.30,0.00,0.00,AUTO SQUARE-OFF (2:40 PM)
28/1/2026,11:32:30 am,3:08:55 pm,Long Strangle,NSE:BANKNIFTY26FEB59100PE,59100,PE,BUY,601.50,0.00,0.00,AUTO SQUARE-OFF (2:40 PM)
28/1/2026,11:32:34 am,3:08:55 pm,Iron Condor,NSE:BANKNIFTY26FEB59100PE,59100,PE,SELL,601.50,0.00,0.00,AUTO SQUARE-OFF (2:40 PM)
28/1/2026,11:32:34 am,3:08:55 pm,Iron Condor,NSE:BANKNIFTY26FEB58600PE,58600,PE,BUY,459.75,0.00,0.00,AUTO SQUARE-OFF (2:40 PM)
28/1/2026,11:32:34 am,3:08:55 pm,Iron Condor,NSE:BANKNIFTY26FEB60100CE,60100,CE,SELL,820.30,0.00,0.00,AUTO SQUARE-OFF (2:40 PM)
28/1/2026,11:32:38 am,3:08:55 pm,Iron Butterfly,NSE:BANKNIFTY26FEB59100PE,59100,PE,BUY,601.50,0.00,0.00,AUTO SQUARE-OFF (2:40 PM)
28/1/2026,11:32:38 am,3:08:55 pm,Iron Butterfly,NSE:BANKNIFTY26FEB59600PE,59600,PE,SELL,780.70,0.00,0.00,AUTO SQUARE-OFF (2:40 PM)
28/1/2026,11:32:38 am,3:08:55 pm,Iron Butterfly,NSE:BANKNIFTY26FEB59600CE,59600,CE,SELL,1097.05,0.00,0.00,AUTO SQUARE-OFF (2:40 PM)
28/1/2026,11:32:42 am,3:08:55 pm,Call Butterfly,NSE:BANKNIFTY26FEB59100CE,59100,CE,BUY,1410.00,0.00,0.00,AUTO SQUARE-OFF (2:40 PM)
28/1/2026,11:32:42 am,3:08:55 pm,Call Butterfly,NSE:BANKNIFTY26FEB59600CE,59600,CE,SELL,1097.05,0.00,0.00,AUTO SQUARE-OFF (2:40 PM)
29/1/2026,9:31:49 am,9:32:10 am,Iron Condor,BSE:SENSEX26JAN81300PE,81300,PE,BUY,22.00,18.70,-33.00,STOP LOSS (15%)
29/1/2026,9:31:54 am,9:32:15 am,Iron Butterfly,BSE:SENSEX26JAN81700PE,81700,PE,BUY,81.70,68.70,-130.00,STOP LOSS (15%)
29/1/2026,9:31:45 am,9:32:15 am,Long Strangle,BSE:SENSEX26JAN81700PE,81700,PE,BUY,81.70,68.70,-130.00,STOP LOSS (15%)
29/1/2026,9:31:57 am,9:36:26 am,Call Butterfly,BSE:SENSEX26JAN82500CE,82500,CE,BUY,70.85,58.70,-121.50,STOP LOSS (15%)
29/1/2026,9:31:54 am,9:36:26 am,Iron Butterfly,BSE:SENSEX26JAN82500CE,82500,CE,BUY,70.85,58.70,-121.50,STOP LOSS (15%)
29/1/2026,9:31:49 am,9:36:26 am,Iron Condor,BSE:SENSEX26JAN81700PE,81700,PE,SELL,81.70,97.75,-160.50,STOP LOSS (15%)
29/1/2026,9:31:45 am,9:36:26 am,Long Strangle,BSE:SENSEX26JAN82500CE,82500,CE,BUY,70.85,58.70,-121.50,STOP LOSS (15%)
29/1/2026,9:31:40 am,9:36:26 am,Short Strangle,BSE:SENSEX26JAN81700PE,81700,PE,SELL,81.70,97.75,-160.50,STOP LOSS (15%)
29/1/2026,9:31:36 am,9:36:26 am,Long Straddle,BSE:SENSEX26JAN82100CE,82100,CE,BUY,196.15,166.20,-299.50,STOP LOSS (15%)
29/1/2026,9:31:54 am,9:36:31 am,Iron Butterfly,BSE:SENSEX26JAN82100PE,82100,PE,SELL,232.35,281.30,-489.50,STOP LOSS (15%)
29/1/2026,9:31:32 am,9:36:31 am,Short Straddle,BSE:SENSEX26JAN82100PE,82100,PE,SELL,232.35,281.30,-489.50,STOP LOSS (15%)
29/1/2026,9:31:57 am,9:36:46 am,Call Butterfly,BSE:SENSEX26JAN81700CE,81700,CE,BUY,444.40,373.75,-706.50,STOP LOSS (15%)
29/1/2026,9:31:49 am,9:36:46 am,Iron Condor,BSE:SENSEX26JAN82900CE,82900,CE,BUY,20.25,17.05,-32.00,STOP LOSS (15%)
29/1/2026,9:31:36 am,9:36:46 am,Long Straddle,BSE:SENSEX26JAN82100PE,82100,PE,BUY,232.35,296.90,645.50,TARGET (25%)
29/1/2026,9:30:35 am,9:37:01 am,Iron Condor,NSE:NIFTY2620325100PE,25100,PE,SELL,118.55,136.40,-1160.25,STOP LOSS (15%)
29/1/2026,9:30:27 am,9:37:01 am,Short Strangle,NSE:NIFTY2620325100PE,25100,PE,SELL,118.55,136.40,-1160.25,STOP LOSS (15%)
29/1/2026,9:31:57 am,9:38:41 am,Call Butterfly,BSE:SENSEX26JAN82100CE,82100,CE,SELL,196.15,146.30,997.00,TARGET (25%)
29/1/2026,9:31:54 am,9:38:41 am,Iron Butterfly,BSE:SENSEX26JAN82100CE,82100,CE,SELL,196.15,146.30,498.50,TARGET (25%)
29/1/2026,9:31:32 am,9:38:41 am,Short Straddle,BSE:SENSEX26JAN82100CE,82100,CE,SELL,196.15,146.30,498.50,TARGET (25%)
29/1/2026,9:31:49 am,9:38:46 am,Iron Condor,BSE:SENSEX26JAN82500CE,82500,CE,SELL,70.85,52.60,182.50,TARGET (25%)
29/1/2026,9:31:40 am,9:38:46 am,Short Strangle,BSE:SENSEX26JAN82500CE,82500,CE,SELL,70.85,52.60,182.50,TARGET (25%)
29/1/2026,9:30:41 am,9:38:46 am,Iron Butterfly,NSE:NIFTY2620325300PE,25300,PE,SELL,197.20,228.70,-2047.50,STOP LOSS (15%)
29/1/2026,9:30:19 am,9:38:46 am,Short Straddle,NSE:NIFTY2620325300PE,25300,PE,SELL,197.20,228.70,-2047.50,STOP LOSS (15%)
29/1/2026,9:30:45 am,9:43:21 am,Call Butterfly,NSE:NIFTY2620325500CE,25500,CE,BUY,114.25,96.50,-1153.75,STOP LOSS (15%)
29/1/2026,9:30:41 am,9:43:21 am,Iron Butterfly,NSE:NIFTY2620325500CE,25500,CE,BUY,114.25,96.50,-1153.75,STOP LOSS (15%)
29/1/2026,9:30:30 am,9:43:21 am,Long Strangle,NSE:NIFTY2620325500CE,25500,CE,BUY,114.25,96.50,-1153.75,STOP LOSS (15%)
29/1/2026,9:30:23 am,9:43:31 am,Long Straddle,NSE:NIFTY2620325300CE,25300,CE,BUY,200.40,169.95,-1979.25,STOP LOSS (15%)
29/1/2026,9:30:35 am,9:44:52 am,Iron Condor,NSE:NIFTY2620324900PE,24900,PE,BUY,69.40,86.80,1131.00,TARGET (25%)
29/1/2026,9:30:41 am,9:53:43 am,Iron Butterfly,NSE:NIFTY2620325100PE,25100,PE,BUY,118.55,152.00,2174.25,TARGET (25%)
29/1/2026,9:30:35 am,9:53:43 am,Iron Condor,NSE:NIFTY2620325700CE,25700,CE,BUY,60.75,50.40,-672.75,STOP LOSS (15%)
29/1/2026,9:30:30 am,9:53:43 am,Long Strangle,NSE:NIFTY2620325100PE,25100,PE,BUY,118.55,152.00,2174.25,TARGET (25%)
29/1/2026,9:30:45 am,9:53:53 am,Call Butterfly,NSE:NIFTY2620325100CE,25100,CE,BUY,321.35,272.75,-3159.00,STOP LOSS (15%)
29/1/2026,9:30:23 am,9:54:08 am,Long Straddle,NSE:NIFTY2620325300PE,25300,PE,BUY,197.20,247.75,3285.75,TARGET (25%)
29/1/2026,9:31:12 am,10:53:35 am,Iron Condor,NSE:BANKNIFTY26FEB59900CE,59900,CE,SELL,795.05,914.90,-3595.50,STOP LOSS (15%)
29/1/2026,9:31:05 am,10:53:35 am,Short Strangle,NSE:BANKNIFTY26FEB59900CE,59900,CE,SELL,795.05,914.90,-3595.50,STOP LOSS (15%)
29/1/2026,9:31:20 am,11:12:07 am,Call Butterfly,NSE:BANKNIFTY26FEB59400CE,59400,CE,SELL,1077.50,1239.20,-9702.00,STOP LOSS (15%)
29/1/2026,9:31:16 am,11:12:07 am,Iron Butterfly,NSE:BANKNIFTY26FEB59400CE,59400,CE,SELL,1077.50,1239.20,-4851.00,STOP LOSS (15%)
29/1/2026,9:30:58 am,11:12:07 am,Short Straddle,NSE:BANKNIFTY26FEB59400CE,59400,CE,SELL,1077.50,1239.20,-4851.00,STOP LOSS (15%)
29/1/2026,9:31:12 am,11:23:28 am,Iron Condor,NSE:BANKNIFTY26FEB58400PE,58400,PE,BUY,427.30,362.60,-1941.00,STOP LOSS (15%)
29/1/2026,9:31:16 am,11:23:33 am,Iron Butterfly,NSE:BANKNIFTY26FEB58900PE,58900,PE,BUY,564.30,479.40,-2547.00,STOP LOSS (15%)
29/1/2026,9:31:08 am,11:23:33 am,Long Strangle,NSE:BANKNIFTY26FEB58900PE,58900,PE,BUY,564.30,479.40,-2547.00,STOP LOSS (15%)
29/1/2026,9:31:02 am,11:30:24 am,Long Straddle,NSE:BANKNIFTY26FEB59400PE,59400,PE,BUY,742.00,630.60,-3342.00,STOP LOSS (15%)
29/1/2026,9:31:12 am,11:30:29 am,Iron Condor,NSE:BANKNIFTY26FEB60400CE,60400,CE,BUY,575.50,723.45,4438.50,TARGET (25%)
29/1/2026,11:35:39 am,11:38:39 am,Call Butterfly,BSE:SENSEX26JAN82400CE,82400,CE,BUY,58.95,49.45,-95.00,STOP LOSS (15%)
29/1/2026,11:35:34 am,11:38:39 am,Iron Butterfly,BSE:SENSEX26JAN82400CE,82400,CE,BUY,58.95,49.45,-95.00,STOP LOSS (15%)
29/1/2026,11:35:30 am,11:38:39 am,Iron Condor,BSE:SENSEX26JAN82800CE,82800,CE,BUY,13.90,11.40,-25.00,STOP LOSS (15%)
29/1/2026,11:35:26 am,11:38:39 am,Long Strangle,BSE:SENSEX26JAN82400CE,82400,CE,BUY,58.95,49.45,-95.00,STOP LOSS (15%)
29/1/2026,11:35:30 am,11:39:19 am,Iron Condor,BSE:SENSEX26JAN82400CE,82400,CE,SELL,58.95,42.50,164.50,TARGET (25%)
29/1/2026,11:35:30 am,11:39:19 am,Iron Condor,BSE:SENSEX26JAN81600PE,81600,PE,SELL,35.75,41.35,-56.00,STOP LOSS (15%)
29/1/2026,11:35:22 am,11:39:19 am,Short Strangle,BSE:SENSEX26JAN82400CE,82400,CE,SELL,58.95,42.50,164.50,TARGET (25%)
29/1/2026,11:35:22 am,11:39:19 am,Short Strangle,BSE:SENSEX26JAN81600PE,81600,PE,SELL,35.75,41.35,-56.00,STOP LOSS (15%)
29/1/2026,11:35:19 am,11:39:19 am,Long Straddle,BSE:SENSEX26JAN82000CE,82000,CE,BUY,207.25,169.40,-378.50,STOP LOSS (15%)
29/1/2026,11:35:30 am,11:42:05 am,Iron Condor,BSE:SENSEX26JAN81200PE,81200,PE,BUY,9.45,7.80,-16.50,STOP LOSS (15%)
29/1/2026,11:35:34 am,11:42:25 am,Iron Butterfly,BSE:SENSEX26JAN81600PE,81600,PE,BUY,35.75,29.80,-59.50,STOP LOSS (15%)
29/1/2026,11:35:26 am,11:42:25 am,Long Strangle,BSE:SENSEX26JAN81600PE,81600,PE,BUY,35.75,29.80,-59.50,STOP LOSS (15%)
29/1/2026,11:35:19 am,11:43:10 am,Long Straddle,BSE:SENSEX26JAN82000PE,82000,PE,BUY,139.80,116.70,-231.00,STOP LOSS (15%)
29/1/2026,11:35:34 am,11:54:26 am,Iron Butterfly,BSE:SENSEX26JAN82000PE,82000,PE,SELL,139.80,162.80,-230.00,STOP LOSS (15%)
29/1/2026,11:35:15 am,11:54:26 am,Short Straddle,BSE:SENSEX26JAN82000PE,82000,PE,SELL,139.80,162.80,-230.00,STOP LOSS (15%)
29/1/2026,11:35:39 am,11:55:41 am,Call Butterfly,BSE:SENSEX26JAN82000CE,82000,CE,SELL,207.25,155.10,1043.00,TARGET (25%)
29/1/2026,11:35:34 am,11:55:41 am,Iron Butterfly,BSE:SENSEX26JAN82000CE,82000,CE,SELL,207.25,155.10,521.50,TARGET (25%)
29/1/2026,11:35:15 am,11:55:41 am,Short Straddle,BSE:SENSEX26JAN82000CE,82000,CE,SELL,207.25,155.10,521.50,TARGET (25%)
29/1/2026,11:35:39 am,12:32:07 pm,Call Butterfly,BSE:SENSEX26JAN81600CE,81600,CE,BUY,504.90,644.00,1391.00,TARGET (25%)
29/1/2026,11:45:31 am,12:50:37 pm,Iron Butterfly,NSE:NIFTY2620325050PE,25050,PE,BUY,102.90,84.95,-1166.75,STOP LOSS (15%)
29/1/2026,11:45:28 am,12:50:37 pm,Iron Condor,NSE:NIFTY2620325450CE,25450,CE,SELL,122.10,141.60,-1267.50,STOP LOSS (15%)
29/1/2026,11:45:28 am,12:50:37 pm,Iron Condor,NSE:NIFTY2620324850PE,24850,PE,BUY,59.60,49.75,-640.25,STOP LOSS (15%)
29/1/2026,11:45:22 am,12:50:37 pm,Long Strangle,NSE:NIFTY2620325050PE,25050,PE,BUY,102.90,84.95,-1166.75,STOP LOSS (15%)
29/1/2026,11:45:19 am,12:50:37 pm,Short Strangle,NSE:NIFTY2620325450CE,25450,CE,SELL,122.10,141.60,-1267.50,STOP LOSS (15%)
29/1/2026,11:45:15 am,12:50:37 pm,Long Straddle,NSE:NIFTY2620325250PE,25250,PE,BUY,174.85,145.55,-1904.50,STOP LOSS (15%)
29/1/2026,11:47:20 am,1:03:15 pm,Iron Condor,NSE:BANKNIFTY26FEB58700PE,58700,PE,BUY,441.00,374.65,-1990.50,STOP LOSS (15%)
29/1/2026,11:45:35 am,1:03:15 pm,Call Butterfly,NSE:NIFTY2620325250CE,25250,CE,SELL,214.25,253.60,-5115.50,STOP LOSS (15%)
29/1/2026,11:45:31 am,1:03:15 pm,Iron Butterfly,NSE:NIFTY2620325250CE,25250,CE,SELL,214.25,253.60,-2557.75,STOP LOSS (15%)
29/1/2026,11:45:11 am,1:03:15 pm,Short Straddle,NSE:NIFTY2620325250CE,25250,CE,SELL,214.25,253.60,-2557.75,STOP LOSS (15%)
29/1/2026,11:45:28 am,1:03:30 pm,Iron Condor,NSE:NIFTY2620325050PE,25050,PE,SELL,102.90,77.10,1677.00,TARGET (25%)
29/1/2026,11:45:19 am,1:03:30 pm,Short Strangle,NSE:NIFTY2620325050PE,25050,PE,SELL,102.90,77.10,1677.00,TARGET (25%)
29/1/2026,9:31:20 am,1:04:55 pm,Call Butterfly,NSE:BANKNIFTY26FEB59900CE,59900,CE,BUY,795.05,1001.35,6189.00,TARGET (25%)
29/1/2026,9:31:16 am,1:04:55 pm,Iron Butterfly,NSE:BANKNIFTY26FEB59900CE,59900,CE,BUY,795.05,1001.35,6189.00,TARGET (25%)
29/1/2026,9:31:12 am,1:04:55 pm,Iron Condor,NSE:BANKNIFTY26FEB58900PE,58900,PE,SELL,564.30,416.60,4431.00,TARGET (25%)
29/1/2026,9:31:08 am,1:04:55 pm,Long Strangle,NSE:BANKNIFTY26FEB59900CE,59900,CE,BUY,795.05,1001.35,6189.00,TARGET (25%)
29/1/2026,9:31:05 am,1:04:55 pm,Short Strangle,NSE:BANKNIFTY26FEB58900PE,58900,PE,SELL,564.30,416.60,4431.00,TARGET (25%)
29/1/2026,11:47:25 am,1:05:00 pm,Iron Butterfly,NSE:BANKNIFTY26FEB59200PE,59200,PE,BUY,591.30,495.00,-2889.00,STOP LOSS (15%)
29/1/2026,11:47:16 am,1:05:00 pm,Long Strangle,NSE:BANKNIFTY26FEB59200PE,59200,PE,BUY,591.30,495.00,-2889.00,STOP LOSS (15%)
29/1/2026,11:47:10 am,1:05:00 pm,Long Straddle,NSE:BANKNIFTY26FEB59700PE,59700,PE,BUY,775.00,657.85,-3514.50,STOP LOSS (15%)
29/1/2026,11:45:31 am,1:05:00 pm,Iron Butterfly,NSE:NIFTY2620325250PE,25250,PE,SELL,174.85,130.90,2856.75,TARGET (25%)
29/1/2026,11:45:11 am,1:05:00 pm,Short Straddle,NSE:NIFTY2620325250PE,25250,PE,SELL,174.85,130.90,2856.75,TARGET (25%)
29/1/2026,9:31:16 am,1:05:05 pm,Iron Butterfly,NSE:BANKNIFTY26FEB59400PE,59400,PE,SELL,742.00,556.00,5580.00,TARGET (25%)
29/1/2026,9:30:58 am,1:05:05 pm,Short Straddle,NSE:BANKNIFTY26FEB59400PE,59400,PE,SELL,742.00,556.00,5580.00,TARGET (25%)
29/1/2026,11:45:35 am,1:05:15 pm,Call Butterfly,NSE:NIFTY2620325450CE,25450,CE,BUY,122.10,152.70,1989.00,TARGET (25%)
29/1/2026,11:45:31 am,1:05:15 pm,Iron Butterfly,NSE:NIFTY2620325450CE,25450,CE,BUY,122.10,152.70,1989.00,TARGET (25%)
29/1/2026,11:45:22 am,1:05:15 pm,Long Strangle,NSE:NIFTY2620325450CE,25450,CE,BUY,122.10,152.70,1989.00,TARGET (25%)
29/1/2026,9:30:45 am,1:05:15 pm,Call Butterfly,NSE:NIFTY2620325300CE,25300,CE,SELL,200.40,231.40,-4030.00,STOP LOSS (15%)
29/1/2026,9:30:41 am,1:05:15 pm,Iron Butterfly,NSE:NIFTY2620325300CE,25300,CE,SELL,200.40,231.40,-2015.00,STOP LOSS (15%)
29/1/2026,9:30:35 am,1:05:15 pm,Iron Condor,NSE:NIFTY2620325500CE,25500,CE,SELL,114.25,131.90,-1147.25,STOP LOSS (15%)
29/1/2026,9:30:27 am,1:05:15 pm,Short Strangle,NSE:NIFTY2620325500CE,25500,CE,SELL,114.25,131.90,-1147.25,STOP LOSS (15%)
29/1/2026,9:30:19 am,1:05:15 pm,Short Straddle,NSE:NIFTY2620325300CE,25300,CE,SELL,200.40,231.40,-2015.00,STOP LOSS (15%)
29/1/2026,11:45:28 am,1:06:06 pm,Iron Condor,NSE:NIFTY2620325650CE,25650,CE,BUY,64.90,81.20,1059.50,TARGET (25%)
29/1/2026,11:45:15 am,1:06:31 pm,Long Straddle,NSE:NIFTY2620325250CE,25250,CE,BUY,214.25,270.55,3659.50,TARGET (25%)
29/1/2026,11:45:35 am,1:33:52 pm,Call Butterfly,NSE:NIFTY2620325050CE,25050,CE,BUY,342.85,432.45,5824.00,TARGET (25%)
29/1/2026,11:47:20 am,2:39:54 pm,Iron Condor,NSE:BANKNIFTY26FEB60200CE,60200,CE,SELL,761.60,877.20,-3468.00,STOP LOSS (15%)
29/1/2026,11:47:13 am,2:39:54 pm,Short Strangle,NSE:BANKNIFTY26FEB60200CE,60200,CE,SELL,761.60,877.20,-3468.00,STOP LOSS (15%)
29/1/2026,9:31:20 am,2:39:54 pm,Call Butterfly,NSE:BANKNIFTY26FEB58900CE,58900,CE,BUY,1372.45,1717.00,10336.50,TARGET (25%)
29/1/2026,9:31:02 am,2:39:54 pm,Long Straddle,NSE:BANKNIFTY26FEB59400CE,59400,CE,BUY,1077.50,1365.00,8625.00,TARGET (25%)
29/1/2026,11:47:06 am,2:40:00 pm,Short Straddle,NSE:BANKNIFTY26FEB59700CE,59700,CE,SELL,1032.45,0.00,0.00,AUTO SQUARE-OFF (2:40 PM)
29/1/2026,11:47:06 am,2:40:00 pm,Short Straddle,NSE:BANKNIFTY26FEB59700PE,59700,PE,SELL,775.00,0.00,0.00,AUTO SQUARE-OFF (2:40 PM)
29/1/2026,11:47:10 am,2:40:00 pm,Long Straddle,NSE:BANKNIFTY26FEB59700CE,59700,CE,BUY,1032.45,0.00,0.00,AUTO SQUARE-OFF (2:40 PM)
29/1/2026,11:47:13 am,2:40:00 pm,Short Strangle,NSE:BANKNIFTY26FEB59200PE,59200,PE,SELL,591.30,0.00,0.00,AUTO SQUARE-OFF (2:40 PM)
29/1/2026,11:47:16 am,2:40:00 pm,Long Strangle,NSE:BANKNIFTY26FEB60200CE,60200,CE,BUY,761.60,0.00,0.00,AUTO SQUARE-OFF (2:40 PM)
29/1/2026,11:47:20 am,2:40:00 pm,Iron Condor,NSE:BANKNIFTY26FEB59200PE,59200,PE,SELL,591.30,0.00,0.00,AUTO SQUARE-OFF (2:40 PM)
29/1/2026,11:47:20 am,2:40:00 pm,Iron Condor,NSE:BANKNIFTY26FEB60700CE,60700,CE,BUY,549.50,0.00,0.00,AUTO SQUARE-OFF (2:40 PM)
29/1/2026,11:47:25 am,2:40:00 pm,Iron Butterfly,NSE:BANKNIFTY26FEB59700PE,59700,PE,SELL,775.00,0.00,0.00,AUTO SQUARE-OFF (2:40 PM)
29/1/2026,11:47:25 am,2:40:00 pm,Iron Butterfly,NSE:BANKNIFTY26FEB59700CE,59700,CE,SELL,1032.45,0.00,0.00,AUTO SQUARE-OFF (2:40 PM)
29/1/2026,11:47:25 am,2:40:00 pm,Iron Butterfly,NSE:BANKNIFTY26FEB60200CE,60200,CE,BUY,761.60,0.00,0.00,AUTO SQUARE-OFF (2:40 PM)
29/1/2026,11:47:28 am,2:40:00 pm,Call Butterfly,NSE:BANKNIFTY26FEB59200CE,59200,CE,BUY,1336.05,0.00,0.00,AUTO SQUARE-OFF (2:40 PM)
29/1/2026,11:47:28 am,2:40:00 pm,Call Butterfly,NSE:BANKNIFTY26FEB59700CE,59700,CE,SELL,1032.45,0.00,0.00,AUTO SQUARE-OFF (2:40 PM)
29/1/2026,11:47:28 am,2:40:00 pm,Call Butterfly,NSE:BANKNIFTY26FEB60200CE,60200,CE,BUY,761.60,0.00,0.00,AUTO SQUARE-OFF (2:40 PM)
30/1/2026,9:30:17 am,9:30:21 am,Iron Condor,NSE:NIFTY2620325050PE,25050,PE,SELL,107.00,124.00,-1105.00,STOP LOSS (15%)
30/1/2026,9:30:09 am,9:30:21 am,Short Strangle,NSE:NIFTY2620325050PE,25050,PE,SELL,107.00,124.00,-1105.00,STOP LOSS (15%)
30/1/2026,9:30:17 am,9:37:47 am,Iron Condor,NSE:NIFTY2620325450CE,25450,CE,SELL,120.90,139.15,-1186.25,STOP LOSS (15%)
30/1/2026,9:30:09 am,9:37:47 am,Short Strangle,NSE:NIFTY2620325450CE,25450,CE,SELL,120.90,139.15,-1186.25,STOP LOSS (15%)
30/1/2026,9:31:36 am,9:54:29 am,Iron Butterfly,BSE:SENSEX2620581600PE,81600,PE,BUY,484.75,409.75,-750.00,STOP LOSS (15%)
30/1/2026,9:31:31 am,9:54:29 am,Iron Condor,BSE:SENSEX2620581200PE,81200,PE,BUY,366.05,304.15,-619.00,STOP LOSS (15%)
30/1/2026,9:31:27 am,9:54:29 am,Long Strangle,BSE:SENSEX2620581600PE,81600,PE,BUY,484.75,409.75,-750.00,STOP LOSS (15%)
30/1/2026,9:31:19 am,9:54:29 am,Long Straddle,BSE:SENSEX2620582000PE,82000,PE,BUY,637.00,541.40,-956.00,STOP LOSS (15%)
30/1/2026,9:30:54 am,9:54:29 am,Iron Condor,NSE:BANKNIFTY26FEB60100CE,60100,CE,SELL,749.30,863.90,-3438.00,STOP LOSS (15%)
30/1/2026,9:30:47 am,9:54:29 am,Short Strangle,NSE:BANKNIFTY26FEB60100CE,60100,CE,SELL,749.30,863.90,-3438.00,STOP LOSS (15%)
30/1/2026,9:30:28 am,9:54:29 am,Call Butterfly,NSE:NIFTY2620325250CE,25250,CE,SELL,210.15,243.45,-4329.00,STOP LOSS (15%)
30/1/2026,9:30:22 am,9:54:29 am,Iron Butterfly,NSE:NIFTY2620325250CE,25250,CE,SELL,210.15,243.45,-2164.50,STOP LOSS (15%)
30/1/2026,9:30:02 am,9:54:29 am,Short Straddle,NSE:NIFTY2620325250CE,25250,CE,SELL,210.15,243.45,-2164.50,STOP LOSS (15%)
30/1/2026,9:31:31 am,9:54:34 am,Iron Condor,BSE:SENSEX2620582400CE,82400,CE,SELL,607.60,699.60,-920.00,STOP LOSS (15%)
30/1/2026,9:31:23 am,9:54:34 am,Short Strangle,BSE:SENSEX2620582400CE,82400,CE,SELL,607.60,699.60,-920.00,STOP LOSS (15%)
30/1/2026,9:30:54 am,9:54:34 am,Iron Condor,NSE:BANKNIFTY26FEB58600PE,58600,PE,BUY,445.40,376.45,-2068.50,STOP LOSS (15%)
30/1/2026,9:31:01 am,10:14:02 am,Call Butterfly,NSE:BANKNIFTY26FEB59600CE,59600,CE,SELL,1020.35,1175.00,-9279.00,STOP LOSS (15%)
30/1/2026,9:30:57 am,10:14:02 am,Iron Butterfly,NSE:BANKNIFTY26FEB59600CE,59600,CE,SELL,1020.35,1175.00,-4639.50,STOP LOSS (15%)
30/1/2026,9:30:41 am,10:14:02 am,Short Straddle,NSE:BANKNIFTY26FEB59600CE,59600,CE,SELL,1020.35,1175.00,-4639.50,STOP LOSS (15%)
30/1/2026,11:59:56 am,12:24:27 pm,Iron Condor,NSE:NIFTY2620324850PE,24850,PE,BUY,65.35,55.30,-653.25,STOP LOSS (15%)
30/1/2026,11:30:36 am,12:24:27 pm,Iron Butterfly,NSE:NIFTY2620325050PE,25050,PE,BUY,115.40,97.85,-1140.75,STOP LOSS (15%)
30/1/2026,11:30:32 am,12:24:27 pm,Iron Condor,NSE:NIFTY2620324850PE,24850,PE,BUY,66.10,55.30,-702.00,STOP LOSS (15%)
30/1/2026,11:30:28 am,12:24:27 pm,Long Strangle,NSE:NIFTY2620325050PE,25050,PE,BUY,115.40,97.85,-1140.75,STOP LOSS (15%)
30/1/2026,11:30:32 am,12:25:13 pm,Iron Condor,NSE:NIFTY2620325450CE,25450,CE,SELL,124.10,142.90,-1222.00,STOP LOSS (15%)
30/1/2026,11:30:24 am,12:25:13 pm,Short Strangle,NSE:NIFTY2620325450CE,25450,CE,SELL,124.10,142.90,-1222.00,STOP LOSS (15%)
30/1/2026,12:00:02 pm,12:25:17 pm,Iron Butterfly,NSE:NIFTY2620325050PE,25050,PE,BUY,114.50,97.25,-1121.25,STOP LOSS (15%)
30/1/2026,11:59:52 am,12:25:17 pm,Long Strangle,NSE:NIFTY2620325050PE,25050,PE,BUY,114.50,97.25,-1121.25,STOP LOSS (15%)
30/1/2026,11:59:56 am,12:25:22 pm,Iron Condor,NSE:NIFTY2620325450CE,25450,CE,SELL,125.10,144.85,-1283.75,STOP LOSS (15%)
30/1/2026,11:59:48 am,12:25:22 pm,Short Strangle,NSE:NIFTY2620325450CE,25450,CE,SELL,125.10,144.85,-1283.75,STOP LOSS (15%)
30/1/2026,12:00:05 pm,12:25:27 pm,Call Butterfly,NSE:NIFTY2620325250CE,25250,CE,SELL,211.95,244.25,-4199.00,STOP LOSS (15%)
30/1/2026,12:00:02 pm,12:25:27 pm,Iron Butterfly,NSE:NIFTY2620325250CE,25250,CE,SELL,211.95,244.25,-2099.50,STOP LOSS (15%)
30/1/2026,11:59:41 am,12:25:27 pm,Short Straddle,NSE:NIFTY2620325250CE,25250,CE,SELL,211.95,244.25,-2099.50,STOP LOSS (15%)
30/1/2026,11:30:40 am,12:25:27 pm,Call Butterfly,NSE:NIFTY2620325250CE,25250,CE,SELL,211.25,244.25,-4290.00,STOP LOSS (15%)
30/1/2026,11:30:36 am,12:25:27 pm,Iron Butterfly,NSE:NIFTY2620325250CE,25250,CE,SELL,211.25,244.25,-2145.00,STOP LOSS (15%)
30/1/2026,11:30:20 am,12:25:27 pm,Long Straddle,NSE:NIFTY2620325250PE,25250,PE,BUY,194.00,164.55,-1914.25,STOP LOSS (15%)
30/1/2026,11:30:16 am,12:25:27 pm,Short Straddle,NSE:NIFTY2620325250CE,25250,CE,SELL,211.25,244.25,-2145.00,STOP LOSS (15%)
30/1/2026,11:32:17 am,1:15:06 pm,Iron Butterfly,NSE:BANKNIFTY26FEB59800PE,59800,PE,SELL,792.60,916.00,-3702.00,STOP LOSS (15%)
30/1/2026,11:32:12 am,1:15:06 pm,Iron Condor,NSE:BANKNIFTY26FEB59300PE,59300,PE,SELL,607.15,700.00,-2785.50,STOP LOSS (15%)
30/1/2026,11:32:00 am,1:15:06 pm,Short Strangle,NSE:BANKNIFTY26FEB59300PE,59300,PE,SELL,607.15,700.00,-2785.50,STOP LOSS (15%)
30/1/2026,11:31:52 am,1:15:06 pm,Short Straddle,NSE:BANKNIFTY26FEB59800PE,59800,PE,SELL,792.60,916.00,-3702.00,STOP LOSS (15%)
30/1/2026,11:59:56 am,1:16:01 pm,Iron Condor,NSE:NIFTY2620325050PE,25050,PE,SELL,114.50,131.95,-1134.25,STOP LOSS (15%)
30/1/2026,11:59:48 am,1:16:01 pm,Short Strangle,NSE:NIFTY2620325050PE,25050,PE,SELL,114.50,131.95,-1134.25,STOP LOSS (15%)
30/1/2026,11:30:32 am,1:16:06 pm,Iron Condor,NSE:NIFTY2620325050PE,25050,PE,SELL,115.40,134.25,-1225.25,STOP LOSS (15%)
30/1/2026,11:30:24 am,1:16:06 pm,Short Strangle,NSE:NIFTY2620325050PE,25050,PE,SELL,115.40,134.25,-1225.25,STOP LOSS (15%)
30/1/2026,12:00:02 pm,1:16:11 pm,Iron Butterfly,NSE:NIFTY2620325250PE,25250,PE,SELL,192.95,226.10,-2154.75,STOP LOSS (15%)
30/1/2026,11:59:41 am,1:16:11 pm,Short Straddle,NSE:NIFTY2620325250PE,25250,PE,SELL,192.95,226.10,-2154.75,STOP LOSS (15%)
30/1/2026,11:31:19 am,1:16:11 pm,Iron Condor,BSE:SENSEX2620581700PE,81700,PE,SELL,541.10,624.90,-838.00,STOP LOSS (15%)
30/1/2026,11:31:13 am,1:16:11 pm,Short Strangle,BSE:SENSEX2620581700PE,81700,PE,SELL,541.10,624.90,-838.00,STOP LOSS (15%)
30/1/2026,11:30:36 am,1:16:11 pm,Iron Butterfly,NSE:NIFTY2620325250PE,25250,PE,SELL,194.00,226.10,-2086.50,STOP LOSS (15%)
30/1/2026,11:30:16 am,1:16:11 pm,Short Straddle,NSE:NIFTY2620325250PE,25250,PE,SELL,194.00,226.10,-2086.50,STOP LOSS (15%)
30/1/2026,11:32:12 am,1:16:21 pm,Iron Condor,NSE:BANKNIFTY26FEB60800CE,60800,CE,BUY,541.35,459.10,-2467.50,STOP LOSS (15%)
30/1/2026,11:31:23 am,1:16:26 pm,Iron Butterfly,BSE:SENSEX2620582100PE,82100,PE,SELL,711.80,822.00,-1102.00,STOP LOSS (15%)
30/1/2026,11:31:05 am,1:16:26 pm,Short Straddle,BSE:SENSEX2620582100PE,82100,PE,SELL,711.80,822.00,-1102.00,STOP LOSS (15%)
30/1/2026,12:00:05 pm,2:24:42 pm,Call Butterfly,NSE:NIFTY2620325450CE,25450,CE,BUY,125.10,163.45,2492.75,TARGET (25%)
30/1/2026,12:00:02 pm,2:24:42 pm,Iron Butterfly,NSE:NIFTY2620325450CE,25450,CE,BUY,125.10,163.45,2492.75,TARGET (25%)
30/1/2026,11:59:56 am,2:24:43 pm,Iron Condor,NSE:NIFTY2620325650CE,25650,CE,BUY,69.45,92.70,1511.25,TARGET (25%)
30/1/2026,11:59:52 am,2:24:43 pm,Long Strangle,NSE:NIFTY2620325450CE,25450,CE,BUY,125.10,163.45,2492.75,TARGET (25%)
30/1/2026,11:59:44 am,2:24:43 pm,Long Straddle,NSE:NIFTY2620325250PE,25250,PE,BUY,192.95,157.10,-2330.25,STOP LOSS (15%)
30/1/2026,11:59:44 am,2:24:43 pm,Long Straddle,NSE:NIFTY2620325250CE,25250,CE,BUY,211.95,267.30,3597.75,TARGET (25%)
30/1/2026,11:31:27 am,2:24:43 pm,Call Butterfly,BSE:SENSEX2620582100CE,82100,CE,SELL,758.25,932.35,-3482.00,STOP LOSS (15%)
30/1/2026,11:31:23 am,2:24:43 pm,Iron Butterfly,BSE:SENSEX2620582100CE,82100,CE,SELL,758.25,932.35,-1741.00,STOP LOSS (15%)
30/1/2026,11:31:23 am,2:24:43 pm,Iron Butterfly,BSE:SENSEX2620581700PE,81700,PE,BUY,541.10,454.00,-871.00,STOP LOSS (15%)
30/1/2026,11:31:19 am,2:24:43 pm,Iron Condor,BSE:SENSEX2620582900CE,82900,CE,BUY,425.10,532.70,1076.00,TARGET (25%)
30/1/2026,11:31:19 am,2:24:43 pm,Iron Condor,BSE:SENSEX2620582500CE,82500,CE,SELL,574.00,710.95,-1369.50,STOP LOSS (15%)
30/1/2026,11:31:19 am,2:24:43 pm,Iron Condor,BSE:SENSEX2620581300PE,81300,PE,BUY,403.90,340.00,-639.00,STOP LOSS (15%)
30/1/2026,11:31:16 am,2:24:43 pm,Long Strangle,BSE:SENSEX2620581700PE,81700,PE,BUY,541.10,454.00,-871.00,STOP LOSS (15%)
30/1/2026,11:31:13 am,2:24:43 pm,Short Strangle,BSE:SENSEX2620582500CE,82500,CE,SELL,574.00,710.95,-1369.50,STOP LOSS (15%)
30/1/2026,11:31:09 am,2:24:43 pm,Long Straddle,BSE:SENSEX2620582100PE,82100,PE,BUY,711.80,601.40,-1104.00,STOP LOSS (15%)
30/1/2026,11:31:05 am,2:24:43 pm,Short Straddle,BSE:SENSEX2620582100CE,82100,CE,SELL,758.25,932.35,-1741.00,STOP LOSS (15%)
30/1/2026,11:30:40 am,2:24:43 pm,Call Butterfly,NSE:NIFTY2620325450CE,25450,CE,BUY,124.10,163.45,2557.75,TARGET (25%)
30/1/2026,11:30:36 am,2:24:43 pm,Iron Butterfly,NSE:NIFTY2620325450CE,25450,CE,BUY,124.10,163.45,2557.75,TARGET (25%)
30/1/2026,11:30:32 am,2:24:43 pm,Iron Condor,NSE:NIFTY2620325650CE,25650,CE,BUY,68.90,92.70,1547.00,TARGET (25%)
30/1/2026,11:30:28 am,2:24:43 pm,Long Strangle,NSE:NIFTY2620325450CE,25450,CE,BUY,124.10,163.45,2557.75,TARGET (25%)
30/1/2026,11:30:20 am,2:24:43 pm,Long Straddle,NSE:NIFTY2620325250CE,25250,CE,BUY,211.25,267.30,3643.25,TARGET (25%)
30/1/2026,11:31:27 am,2:24:52 pm,Call Butterfly,BSE:SENSEX2620582500CE,82500,CE,BUY,574.00,718.95,1449.50,TARGET (25%)
30/1/2026,11:31:23 am,2:24:52 pm,Iron Butterfly,BSE:SENSEX2620582500CE,82500,CE,BUY,574.00,718.95,1449.50,TARGET (25%)
30/1/2026,11:31:16 am,2:24:52 pm,Long Strangle,BSE:SENSEX2620582500CE,82500,CE,BUY,574.00,718.95,1449.50,TARGET (25%)
30/1/2026,11:31:09 am,2:24:57 pm,Long Straddle,BSE:SENSEX2620582100CE,82100,CE,BUY,758.25,948.35,1901.00,TARGET (25%)
30/1/2026,11:30:40 am,2:40:30 pm,Call Butterfly,NSE:NIFTY2620325050CE,25050,CE,BUY,332.05,0.00,0.00,AUTO SQUARE-OFF (2:40 PM)
30/1/2026,11:31:27 am,2:40:30 pm,Call Butterfly,BSE:SENSEX2620581700CE,81700,CE,BUY,990.20,0.00,0.00,AUTO SQUARE-OFF (2:40 PM)
30/1/2026,11:31:52 am,2:40:30 pm,Short Straddle,NSE:BANKNIFTY26FEB59800CE,59800,CE,SELL,1017.25,0.00,0.00,AUTO SQUARE-OFF (2:40 PM)
30/1/2026,11:31:57 am,2:40:30 pm,Long Straddle,NSE:BANKNIFTY26FEB59800CE,59800,CE,BUY,1017.25,0.00,0.00,AUTO SQUARE-OFF (2:40 PM)
30/1/2026,11:31:57 am,2:40:30 pm,Long Straddle,NSE:BANKNIFTY26FEB59800PE,59800,PE,BUY,792.60,0.00,0.00,AUTO SQUARE-OFF (2:40 PM)
30/1/2026,11:32:00 am,2:40:30 pm,Short Strangle,NSE:BANKNIFTY26FEB60300CE,60300,CE,SELL,754.85,0.00,0.00,AUTO SQUARE-OFF (2:40 PM)
30/1/2026,11:32:07 am,2:40:30 pm,Long Strangle,NSE:BANKNIFTY26FEB59300PE,59300,PE,BUY,607.15,0.00,0.00,AUTO SQUARE-OFF (2:40 PM)
30/1/2026,11:32:07 am,2:40:30 pm,Long Strangle,NSE:BANKNIFTY26FEB60300CE,60300,CE,BUY,754.85,0.00,0.00,AUTO SQUARE-OFF (2:40 PM)
30/1/2026,11:32:12 am,2:40:30 pm,Iron Condor,NSE:BANKNIFTY26FEB58800PE,58800,PE,BUY,458.05,0.00,0.00,AUTO SQUARE-OFF (2:40 PM)
30/1/2026,11:32:12 am,2:40:30 pm,Iron Condor,NSE:BANKNIFTY26FEB60300CE,60300,CE,SELL,754.85,0.00,0.00,AUTO SQUARE-OFF (2:40 PM)
30/1/2026,11:32:17 am,2:40:30 pm,Iron Butterfly,NSE:BANKNIFTY26FEB59300PE,59300,PE,BUY,607.15,0.00,0.00,AUTO SQUARE-OFF (2:40 PM)
30/1/2026,11:32:17 am,2:40:30 pm,Iron Butterfly,NSE:BANKNIFTY26FEB59800CE,59800,CE,SELL,1017.25,0.00,0.00,AUTO SQUARE-OFF (2:40 PM)
30/1/2026,11:32:17 am,2:40:30 pm,Iron Butterfly,NSE:BANKNIFTY26FEB60300CE,60300,CE,BUY,754.85,0.00,0.00,AUTO SQUARE-OFF (2:40 PM)
30/1/2026,11:32:21 am,2:40:30 pm,Call Butterfly,NSE:BANKNIFTY26FEB59300CE,59300,CE,BUY,1323.60,0.00,0.00,AUTO SQUARE-OFF (2:40 PM)
30/1/2026,11:32:21 am,2:40:30 pm,Call Butterfly,NSE:BANKNIFTY26FEB59800CE,59800,CE,SELL,1017.25,0.00,0.00,AUTO SQUARE-OFF (2:40 PM)
30/1/2026,11:32:21 am,2:40:31 pm,Call Butterfly,NSE:BANKNIFTY26FEB60300CE,60300,CE,BUY,754.85,0.00,0.00,AUTO SQUARE-OFF (2:40 PM)
30/1/2026,12:00:05 pm,2:40:31 pm,Call Butterfly,NSE:NIFTY2620325050CE,25050,CE,BUY,335.00,0.00,0.00,AUTO SQUARE-OFF (2:40 PM)
